race,username,p1,p2,p3,p4,p5
QATAR AIRWAYS AUSTRALIAN GRAND PRIX 2026,leandroluiz,NOR,VER,PIA,RUS,LEC
QATAR AIRWAYS AUSTRALIAN GRAND PRIX 2026,metaliisa,BOT,PIA,RUS,HAM,ANT
QATAR AIRWAYS AUSTRALIAN GRAND PRIX 2026,drinn,RUS,ANT,LEC,PIA,NOR
QATAR AIRWAYS AUSTRALIAN GRAND PRIX 2026,riso,RUS,ANT,PIA,HAM,NOR
QATAR AIRWAYS AUSTRALIAN GRAND PRIX 2026,xemanth,RUS,ANT,PIA,HAD,LEC
QATAR AIRWAYS AUSTRALIAN GRAND PRIX 2026,[-pred`-],RUS,ANT,HAD,LEC,VER
QATAR AIRWAYS AUSTRALIAN GRAND PRIX 2026,cubes,RUS,ANT,LEC,PIA,NOR
QATAR AIRWAYS AUSTRALIAN GRAND PRIX 2026,dozer,RUS,ANT,VER,HAD,LEC
QATAR AIRWAYS AUSTRALIAN GRAND PRIX 2026,nakki69,RUS,ANT,LEC,HAD,PIA
QATAR AIRWAYS AUSTRALIAN GRAND PRIX 2026,slag,RUS,ANT,NOR,LEC,HAD
QATAR AIRWAYS AUSTRALIAN GRAND PRIX 2026,td4guy,RUS,HAD,ANT,LEC,NOR
QATAR AIRWAYS AUSTRALIAN GRAND PRIX 2026,pakman,RUS,LEC,ANT,NOR,HAM
QATAR AIRWAYS AUSTRALIAN GRAND PRIX 2026,gluon,RUS,ANT,LEC,NOR,HAM
HEINEKEN CHINESE GRAND PRIX 2026,metaliisa,ANT,HAM,NOR,RUS,LIN
HEINEKEN CHINESE GRAND PRIX 2026,td4guy,RUS,ANT,LEC,HAM,VER
HEINEKEN CHINESE GRAND PRIX 2026,leandroluiz,RUS,VER,ANT,LEC,HAM
HEINEKEN CHINESE GRAND PRIX 2026,slag,RUS,ANT,HAM,LEC,PIA
HEINEKEN CHINESE GRAND PRIX 2026,drinn,RUS,ANT,HAM,LEC,PIA
HEINEKEN CHINESE GRAND PRIX 2026,riso,RUS,ANT,LEC,HAM,NOR
HEINEKEN CHINESE GRAND PRIX 2026,xemanth,RUS,ANT,LEC,HAM,PIA
HEINEKEN CHINESE GRAND PRIX 2026,pakman,RUS,ANT,LEC,HAM,PIA
HEINEKEN CHINESE GRAND PRIX 2026,cubes,HAM,ANT,RUS,LEC,NOR
HEINEKEN CHINESE GRAND PRIX 2026,[-pred`-],RUS,ANT,HAM,LEC,PIA
HEINEKEN CHINESE GRAND PRIX 2026,acidtech,ANT,HAM,LEC,RUS,VER
HEINEKEN CHINESE GRAND PRIX 2026,miettine,RUS,LEC,VER,HAM,ANT
HEINEKEN CHINESE GRAND PRIX 2026,gluon,RUS,ANT,HAM,LEC,VER
HEINEKEN CHINESE GRAND PRIX 2026,dozer,RUS,ANT,LEC,HAM,VER
ARAMCO JAPANESE GRAND PRIX 2026,metaliisa,RUS,HAM,ANT,LEC,SAI
ARAMCO JAPANESE GRAND PRIX 2026,leandroluiz,RUS,ANT,HAM,LEC,PIA
ARAMCO JAPANESE GRAND PRIX 2026,td4guy,RUS,ANT,LEC,HAM,PIA
ARAMCO JAPANESE GRAND PRIX 2026,drinn,ANT,RUS,PIA,NOR,LEC
ARAMCO JAPANESE GRAND PRIX 2026,[-pred`-],ANT,RUS,LEC,HAM,PIA
ARAMCO JAPANESE GRAND PRIX 2026,cubes,ANT,RUS,PIA,LEC,NOR
ARAMCO JAPANESE GRAND PRIX 2026,riso,ANT,RUS,LEC,HAM,NOR
ARAMCO JAPANESE GRAND PRIX 2026,xemanth,RUS,ANT,PIA,NOR,LEC
ARAMCO JAPANESE GRAND PRIX 2026,acidtech,ANT,LEC,HAM,PIA,RUS
ARAMCO JAPANESE GRAND PRIX 2026,gluon,ANT,RUS,LEC,HAM,PIA
ARAMCO JAPANESE GRAND PRIX 2026,pakman,ANT,RUS,PIA,LEC,HAM
ARAMCO JAPANESE GRAND PRIX 2026,dozer,ANT,RUS,LEC,HAM,PIA
ARAMCO JAPANESE GRAND PRIX 2026,slag,RUS,ANT,PIA,NOR,LEC
CRYPTO.COM MIAMI GRAND PRIX 2026,metaliisa,ANT,NOR,HAM,RUS,BOT
CRYPTO.COM MIAMI GRAND PRIX 2026,leandroluiz,ANT,RUS,LEC,PIA,HAM
CRYPTO.COM MIAMI GRAND PRIX 2026,[-pred`-],ANT,VER,NOR,LEC,RUS
CRYPTO.COM MIAMI GRAND PRIX 2026,pakman,ANT,LEC,VER,NOR,RUS
CRYPTO.COM MIAMI GRAND PRIX 2026,cubes,ANT,NOR,PIA,LEC,VER
CRYPTO.COM MIAMI GRAND PRIX 2026,td4guy,ANT,LEC,NOR,RUS,VER
CRYPTO.COM MIAMI GRAND PRIX 2026,riso,ANT,VER,LEC,NOR,RUS
CRYPTO.COM MIAMI GRAND PRIX 2026,xemanth,ANT,VER,NOR,PIA,LEC
CRYPTO.COM MIAMI GRAND PRIX 2026,drinn,ANT,VER,LEC,NOR,RUS
CRYPTO.COM MIAMI GRAND PRIX 2026,gluon,ANT,VER,LEC,RUS,NOR
CRYPTO.COM MIAMI GRAND PRIX 2026,acidtech,VER,ANT,LEC,HAM,PIA
CRYPTO.COM MIAMI GRAND PRIX 2026,slag,ANT,NOR,PIA,VER,LEC
LENOVO GRAND PRIX DU CANADA 2026,boogieman,RUS,PIA,ANT,NOR,HAM
LENOVO GRAND PRIX DU CANADA 2026,riso,ANT,RUS,NOR,PIA,HAM
LENOVO GRAND PRIX DU CANADA 2026,drinn,RUS,ANT,NOR,PIA,LEC
LENOVO GRAND PRIX DU CANADA 2026,[-pred`-],RUS,ANT,NOR,PIA,HAM
LENOVO GRAND PRIX DU CANADA 2026,td4guy,RUS,NOR,ANT,PIA,HAM
LENOVO GRAND PRIX DU CANADA 2026,cubes,RUS,HAM,VER,NOR,ANT
LENOVO GRAND PRIX DU CANADA 2026,acidtech,ANT,VER,HAM,PIA,LEC
LENOVO GRAND PRIX DU CANADA 2026,slag,RUS,ANT,HAM,VER,NOR
LENOVO GRAND PRIX DU CANADA 2026,xemanth,RUS,ANT,PIA,NOR,VER
LENOVO GRAND PRIX DU CANADA 2026,gluon,ANT,RUS,HAM,NOR,PIA
LENOVO GRAND PRIX DU CANADA 2026,pakman,NOR,PIA,RUS,ANT,VER
LOUIS VUITTON GRAND PRIX DE MONACO 2026,leandroluiz,ANT,RUS,LEC,HAM,VER
LOUIS VUITTON GRAND PRIX DE MONACO 2026,metaliisa,ANT,PIA,LEC,RUS,BOT
LOUIS VUITTON GRAND PRIX DE MONACO 2026,td4guy,VER,HAM,ANT,LEC,RUS
LOUIS VUITTON GRAND PRIX DE MONACO 2026,gluon,ANT,VER,HAM,LEC,RUS
LOUIS VUITTON GRAND PRIX DE MONACO 2026,riso,ANT,VER,HAM,LEC,RUS
LOUIS VUITTON GRAND PRIX DE MONACO 2026,drinn,ANT,HAM,VER,LEC,HAD
LOUIS VUITTON GRAND PRIX DE MONACO 2026,cubes,ANT,HAM,VER,LEC,RUS
LOUIS VUITTON GRAND PRIX DE MONACO 2026,[-pred`-],ANT,VER,HAM,LEC,HAD
LOUIS VUITTON GRAND PRIX DE MONACO 2026,slag,VER,ANT,HAM,LEC,RUS
LOUIS VUITTON GRAND PRIX DE MONACO 2026,acidtech,VER,ANT,HAM,LEC,HAD
LOUIS VUITTON GRAND PRIX DE MONACO 2026,xemanth,ANT,VER,HAM,LEC,RUS
LOUIS VUITTON GRAND PRIX DE MONACO 2026,pakman,VER,ANT,LEC,HAM,HAD
MSC CRUISES GRAN PREMIO DE BARCELONA-CATALUNYA 2026,metaliisa,ANT,NOR,PIA,PER,LEC
MSC CRUISES GRAN PREMIO DE BARCELONA-CATALUNYA 2026,gluon,HAM,RUS,ANT,VER,NOR
MSC CRUISES GRAN PREMIO DE BARCELONA-CATALUNYA 2026,cubes,ANT,RUS,PIA,HAM,NOR
MSC CRUISES GRAN PREMIO DE BARCELONA-CATALUNYA 2026,drinn,HAM,ANT,RUS,NOR,VER
MSC CRUISES GRAN PREMIO DE BARCELONA-CATALUNYA 2026,slag,ANT,RUS,HAM,PIA,NOR
MSC CRUISES GRAN PREMIO DE BARCELONA-CATALUNYA 2026,riso,ANT,RUS,PIA,HAM,NOR
MSC CRUISES GRAN PREMIO DE BARCELONA-CATALUNYA 2026,xemanth,RUS,ANT,HAM,NOR,PIA
MSC CRUISES GRAN PREMIO DE BARCELONA-CATALUNYA 2026,td4guy,ANT,RUS,HAM,NOR,VER
MSC CRUISES GRAN PREMIO DE BARCELONA-CATALUNYA 2026,[-pred`-],RUS,ANT,HAM,LEC,NOR
MSC CRUISES GRAN PREMIO DE BARCELONA-CATALUNYA 2026,pakman,RUS,ANT,HAM,NOR,LEC
MSC CRUISES GRAN PREMIO DE BARCELONA-CATALUNYA 2026,acidtech,ANT,HAM,VER,LEC,PIA
LENOVO AUSTRIAN GRAND PRIX 2026,metaliisa,ANT,PIA,HAM,RUS,LEC
LENOVO AUSTRIAN GRAND PRIX 2026,riso,ANT,RUS,HAM,VER,LEC
LENOVO AUSTRIAN GRAND PRIX 2026,cubes,RUS,ANT,HAM,LEC,NOR
LENOVO AUSTRIAN GRAND PRIX 2026,[-pred`-],HAM,LEC,VER,ANT,RUS
LENOVO AUSTRIAN GRAND PRIX 2026,drinn,HAM,ANT,VER,RUS,NOR
LENOVO AUSTRIAN GRAND PRIX 2026,xemanth,RUS,ANT,LEC,HAM,NOR
LENOVO AUSTRIAN GRAND PRIX 2026,td4guy,RUS,ANT,HAM,VER,LEC
LENOVO AUSTRIAN GRAND PRIX 2026,acidtech,ANT,HAM,VER,LEC,RUS
LENOVO AUSTRIAN GRAND PRIX 2026,gluon,RUS,ANT,HAM,LEC,NOR
LENOVO AUSTRIAN GRAND PRIX 2026,slag,ANT,HAM,VER,RUS,LEC
PIRELLI BRITISH GRAND PRIX 2026,metaliisa,ANT,HAM,NOR,RUS,SAI
PIRELLI BRITISH GRAND PRIX 2026,acidtech,ANT,HAM,LEC,VER,HAD
PIRELLI BRITISH GRAND PRIX 2026,[-pred`-],ANT,HAM,RUS,LEC,VER
PIRELLI BRITISH GRAND PRIX 2026,drinn,ANT,HAM,LEC,RUS,VER
PIRELLI BRITISH GRAND PRIX 2026,cubes,ANT,HAM,RUS,LEC,NOR
PIRELLI BRITISH GRAND PRIX 2026,riso,ANT,HAM,RUS,LEC,NOR
PIRELLI BRITISH GRAND PRIX 2026,slag,ANT,HAM,RUS,LEC,HAD
PIRELLI BRITISH GRAND PRIX 2026,td4guy,ANT,RUS,HAM,LEC,NOR
PIRELLI BRITISH GRAND PRIX 2026,gluon,ANT,HAM,RUS,LEC,NOR
PIRELLI BRITISH GRAND PRIX 2026,pakman,LEC,ANT,HAM,RUS,NOR
PIRELLI BRITISH GRAND PRIX 2026,xemanth,ANT,RUS,LEC,HAM,PIA
MOT & CHANDON BELGIAN GRAND PRIX 2026,metaliisa,ANT,PIA,NOR,RUS,BOT
MOT & CHANDON BELGIAN GRAND PRIX 2026,leandroluiz,ANT,HAM,RUS,LEC,VER
MOT & CHANDON BELGIAN GRAND PRIX 2026,[-pred`-],ANT,RUS,HAM,LEC,VER
MOT & CHANDON BELGIAN GRAND PRIX 2026,riso,ANT,RUS,VER,HAM,LEC
MOT & CHANDON BELGIAN GRAND PRIX 2026,cubes,ANT,RUS,HAM,LEC,VER
MOT & CHANDON BELGIAN GRAND PRIX 2026,gluon,ANT,RUS,HAM,LEC,VER
MOT & CHANDON BELGIAN GRAND PRIX 2026,slag,ANT,HAM,RUS,VER,LEC
MOT & CHANDON BELGIAN GRAND PRIX 2026,acidtech,ANT,VER,HAM,LEC,RUS
MOT & CHANDON BELGIAN GRAND PRIX 2026,td4guy,ANT,RUS,VER,HAM,PIA
MOT & CHANDON BELGIAN GRAND PRIX 2026,drinn,ANT,RUS,HAM,LEC,VER
MOT & CHANDON BELGIAN GRAND PRIX 2026,xemanth,ANT,RUS,LEC,HAM,PIA
MOT & CHANDON BELGIAN GRAND PRIX 2026,pakman,VER,ANT,LEC,RUS,HAM
AWS HUNGARIAN GRAND PRIX 2026,metaliisa,ANT,HAD,PIA,RUS,LEC
AWS HUNGARIAN GRAND PRIX 2026,riso,NOR,HAM,LEC,ANT,PIA
AWS HUNGARIAN GRAND PRIX 2026,drinn,NOR,HAM,ANT,LEC,PIA
AWS HUNGARIAN GRAND PRIX 2026,cubes,NOR,LEC,PIA,VER,RUS
AWS HUNGARIAN GRAND PRIX 2026,td4guy,NOR,LEC,HAM,VER,ANT
AWS HUNGARIAN GRAND PRIX 2026,[-pred`-],NOR,LEC,HAM,ANT,RUS
AWS HUNGARIAN GRAND PRIX 2026,gluon,NOR,LEC,HAM,ANT,PIA
AWS HUNGARIAN GRAND PRIX 2026,xemanth,NOR,LEC,PIA,HAM,ANT
AWS HUNGARIAN GRAND PRIX 2026,pakman,LEC,NOR,PIA,VER,HAM
AWS HUNGARIAN GRAND PRIX 2026,slag,LEC,HAM,ANT,NOR,VER
HEINEKEN DUTCH GRAND PRIX 2026,metaliisa,ANT,VER,PIA,RUS,LEC
HEINEKEN DUTCH GRAND PRIX 2026,drinn,RUS,ANT,NOR,HAM,VER
HEINEKEN DUTCH GRAND PRIX 2026,cubes,NOR,RUS,ANT,LEC,PIA
HEINEKEN DUTCH GRAND PRIX 2026,[-pred`-],NOR,RUS,ANT,PIA,LEC
HEINEKEN DUTCH GRAND PRIX 2026,slag,ANT,NOR,RUS,HAM,PIA
HEINEKEN DUTCH GRAND PRIX 2026,riso,NOR,ANT,RUS,LEC,PIA
HEINEKEN DUTCH GRAND PRIX 2026,acidtech,VER,ANT,HAM,LEC,PIA
HEINEKEN DUTCH GRAND PRIX 2026,td4guy,NOR,ANT,RUS,HAM,PIA
HEINEKEN DUTCH GRAND PRIX 2026,gluon,NOR,RUS,ANT,HAM,LEC
HEINEKEN DUTCH GRAND PRIX 2026,pakman,NOR,LEC,RUS,VER,ANT
HEINEKEN DUTCH GRAND PRIX 2026,xemanth,RUS,NOR,ANT,PIA,LEC
PIRELLI GRAN PREMIO DITALIA 2026,metaliisa,ANT,PIA,HAM,RUS,LEC
