race,p1,p2,p3,p4,p5
QATAR AIRWAYS AUSTRALIAN GRAND PRIX 2026,RUS,ANT,LEC,HAM,NOR
HEINEKEN CHINESE GRAND PRIX 2026,ANT,RUS,HAM,LEC,BEA
ARAMCO JAPANESE GRAND PRIX 2026,ANT,PIA,LEC,RUS,NOR
CRYPTO.COM MIAMI GRAND PRIX 2026,ANT,NOR,PIA,RUS,VER
LENOVO GRAND PRIX DU CANADA 2026,ANT,HAM,VER,LEC,HAD
LOUIS VUITTON GRAND PRIX DE MONACO 2026,ANT,HAM,GAS,HAD,PIA
MSC CRUISES GRAN PREMIO DE BARCELONA-CATALUNYA 2026,HAM,RUS,NOR,VER,PIA
LENOVO AUSTRIAN GRAND PRIX 2026,RUS,VER,ANT,PIA,HAM
PIRELLI BRITISH GRAND PRIX 2026,LEC,RUS,HAM,NOR,HAD
